{"cameraMode":{"drawMode":0,"name":"Shaded","section":"Shading Mode"},"sceneLighting":false,"audioPlay":false,"sceneViewState":{"m_AlwaysRefresh":false,"showFog":true,"showSkybox":false,"showFlares":true,"showImageEffects":true,"showParticleSystems":true,"showVisualEffectGraphs":true,"m_FxEnabled":true},"in2DMode":false,"pivot":{"x":-0.026667296886444093,"y":0.11222553253173828,"z":0.3630235493183136},"rotation":{"x":-0.15967486798763276,"y":-0.6678782105445862,"z":0.14991645514965058,"w":-0.7113313674926758},"size":0.26722726225852969,"orthographic":false}